
INSERT INTO `jp_project_exptype` (`expid`, `project_id`, `type_id`) VALUES
(1, 8, 1),
(2, 9, 1),
(3, 10, 1),
(4, 11, 1),
(5, 11, 2),
(6, 11, 3),
(7, 11, 4),
(8, 11, 5),
(9, 11, 6),
(10, 11, 7),
(11, 11, 8),
(12, 11, 9),
(13, 11, 10),
(14, 11, 11),
(15, 11, 12),
(16, 11, 13),
(17, 11, 14),
(18, 11, 15),
(19, 12, 1),
(20, 12, 2),
(21, 12, 3),
(22, 12, 4),
(23, 12, 5),
(24, 12, 6),
(25, 12, 7),
(26, 12, 8),
(27, 12, 9),
(28, 12, 10),
(29, 12, 11),
(30, 12, 12),
(31, 12, 13),
(32, 12, 14),
(33, 12, 15),
(34, 13, 1),
(35, 13, 2),
(36, 13, 3),
(37, 13, 4),
(38, 13, 5),
(39, 13, 6),
(40, 13, 7),
(41, 13, 8),
(42, 13, 9),
(43, 13, 10),
(44, 13, 11),
(45, 13, 12),
(46, 13, 13),
(47, 13, 14),
(48, 13, 15),
(49, 14, 1),
(50, 14, 2),
(51, 14, 3),
(52, 14, 4),
(53, 14, 5),
(54, 14, 6),
(55, 14, 7),
(56, 14, 8),
(57, 14, 9),
(58, 14, 10),
(59, 14, 11),
(60, 14, 12),
(61, 14, 13),
(62, 14, 14),
(63, 14, 15),
(64, 15, 1),
(65, 15, 2),
(66, 15, 3),
(67, 15, 4),
(68, 15, 5),
(69, 15, 6),
(70, 15, 7),
(71, 15, 8),
(72, 15, 9),
(73, 15, 10),
(74, 15, 11),
(75, 15, 12),
(76, 15, 13),
(77, 15, 14),
(78, 15, 15),
(79, 15, 16),
(80, 16, 1),
(81, 16, 2),
(82, 16, 3),
(83, 16, 4),
(84, 16, 5),
(85, 16, 6),
(86, 16, 7),
(87, 16, 8),
(88, 16, 9),
(89, 16, 10),
(90, 16, 11),
(91, 16, 12),
(92, 16, 13),
(93, 16, 14),
(94, 16, 15),
(95, 16, 16),
(96, 16, 17),
(97, 16, 18),
(98, 17, 1),
(99, 17, 2),
(100, 17, 3),
(101, 17, 4),
(102, 17, 5),
(103, 17, 6),
(104, 17, 7),
(105, 17, 8),
(106, 17, 9),
(107, 17, 10),
(108, 17, 11),
(109, 17, 12),
(110, 17, 13),
(111, 17, 14),
(112, 17, 15),
(113, 17, 16),
(114, 17, 17),
(115, 17, 18),
(116, 18, 1),
(117, 18, 2),
(118, 18, 3),
(119, 18, 4),
(120, 18, 5),
(121, 18, 6),
(122, 18, 7),
(123, 18, 8),
(124, 18, 9),
(125, 18, 10),
(126, 18, 11),
(127, 18, 12),
(128, 18, 13),
(129, 18, 14),
(130, 18, 15),
(131, 18, 16),
(132, 18, 17),
(133, 18, 18),
(134, 1, 1),
(135, 1, 2),
(136, 1, 3),
(137, 1, 4),
(138, 1, 5),
(139, 1, 6),
(140, 1, 7),
(141, 1, 8),
(142, 1, 9),
(143, 1, 10),
(144, 1, 11),
(145, 1, 12),
(146, 1, 13),
(147, 1, 14),
(148, 1, 15),
(149, 1, 16),
(150, 1, 17),
(151, 1, 18),
(152, 19, 1),
(153, 19, 2),
(154, 19, 3),
(155, 19, 4),
(156, 19, 5),
(157, 19, 6),
(158, 19, 7),
(159, 19, 8),
(160, 19, 9),
(161, 19, 10),
(162, 19, 11),
(163, 19, 12),
(164, 19, 13),
(165, 19, 14),
(166, 19, 15),
(167, 19, 16),
(168, 19, 17),
(169, 19, 18),
(170, 20, 1),
(171, 20, 2),
(172, 20, 3),
(173, 20, 4),
(174, 20, 5),
(175, 20, 6),
(176, 20, 7),
(177, 20, 8),
(178, 20, 9),
(179, 20, 10),
(180, 20, 11),
(181, 20, 12),
(182, 20, 13),
(183, 20, 14),
(184, 20, 15),
(185, 20, 16),
(186, 20, 17),
(187, 20, 18),
(188, 21, 1),
(189, 21, 2),
(190, 21, 3),
(191, 21, 4),
(192, 21, 5),
(193, 21, 6),
(194, 21, 7),
(195, 21, 8),
(196, 21, 9),
(197, 21, 10),
(198, 21, 11),
(199, 21, 12),
(200, 21, 13),
(201, 21, 14),
(202, 21, 15),
(203, 21, 16),
(204, 21, 17),
(205, 21, 18),
(206, 22, 1),
(207, 22, 2),
(208, 22, 3),
(209, 22, 4),
(210, 22, 5),
(211, 22, 6),
(212, 22, 7),
(213, 22, 8),
(214, 22, 9),
(215, 22, 10),
(216, 22, 11),
(217, 22, 12),
(218, 22, 13),
(219, 22, 14),
(220, 22, 15),
(221, 22, 16),
(222, 22, 17),
(223, 22, 18),
(224, 23, 1),
(225, 23, 2),
(226, 23, 3),
(227, 23, 4),
(228, 23, 5),
(229, 23, 6),
(230, 23, 7),
(231, 23, 8),
(232, 23, 9),
(233, 23, 10),
(234, 23, 11),
(235, 23, 12),
(236, 23, 13),
(237, 23, 14),
(238, 23, 15),
(239, 23, 16),
(240, 23, 17),
(241, 23, 18),
(242, 23, 19),
(243, 23, 20),
(244, 23, 21),
(245, 24, 1),
(246, 24, 2),
(247, 24, 3),
(248, 24, 4),
(249, 24, 5),
(250, 24, 6),
(251, 24, 7),
(252, 24, 8),
(253, 24, 9),
(254, 24, 10),
(255, 24, 11),
(256, 24, 12),
(257, 24, 13),
(258, 24, 14),
(259, 24, 15),
(260, 24, 16),
(261, 24, 17),
(262, 24, 18),
(263, 24, 19),
(264, 24, 20),
(265, 24, 21),
(266, 24, 22),
(267, 24, 23),
(268, 25, 1),
(269, 25, 2),
(270, 25, 3),
(271, 25, 4),
(272, 25, 5),
(273, 25, 6),
(274, 25, 7),
(275, 25, 8),
(276, 25, 9),
(277, 25, 10),
(278, 25, 11),
(279, 25, 12),
(280, 25, 13),
(281, 25, 14),
(282, 25, 15),
(283, 25, 16),
(284, 25, 17),
(285, 25, 18),
(286, 25, 19),
(287, 25, 20),
(288, 25, 21),
(289, 25, 22),
(290, 25, 23),
(291, 25, 24),
(292, 25, 25),
(293, 25, 26),
(294, 26, 1),
(295, 26, 2),
(296, 26, 3),
(297, 26, 4),
(298, 26, 5),
(299, 26, 6),
(300, 26, 7),
(301, 26, 8),
(302, 26, 9),
(303, 26, 10),
(304, 26, 11),
(305, 26, 12),
(306, 26, 13),
(307, 26, 14),
(308, 26, 15),
(309, 26, 16),
(310, 26, 17),
(311, 26, 18),
(312, 26, 19),
(313, 26, 20),
(314, 26, 21),
(315, 26, 22),
(316, 26, 23),
(317, 26, 24),
(318, 26, 25),
(319, 26, 26),
(320, 27, 1),
(321, 27, 2),
(322, 27, 3),
(323, 27, 4),
(324, 27, 5),
(325, 27, 6),
(326, 27, 7),
(327, 27, 8),
(328, 27, 9),
(329, 27, 10),
(330, 27, 11),
(331, 27, 12),
(332, 27, 13),
(333, 27, 14),
(334, 27, 15),
(335, 27, 16),
(336, 27, 17),
(337, 27, 18),
(338, 27, 19),
(339, 27, 20),
(340, 27, 21),
(341, 27, 22),
(342, 27, 23),
(343, 27, 24),
(344, 27, 25),
(345, 27, 26),
(346, 27, 27),
(347, 27, 28),
(348, 27, 29),
(349, 28, 1),
(350, 28, 2),
(351, 28, 3),
(352, 28, 4),
(353, 28, 5),
(354, 28, 6),
(355, 28, 7),
(356, 28, 8),
(357, 28, 9),
(358, 28, 10),
(359, 28, 11),
(360, 28, 12),
(361, 28, 13),
(362, 28, 14),
(363, 28, 15),
(364, 28, 16),
(365, 28, 17),
(366, 28, 18),
(367, 28, 19),
(368, 28, 20),
(369, 28, 21),
(370, 28, 22),
(371, 28, 23),
(372, 28, 24),
(373, 28, 25),
(374, 28, 26),
(375, 28, 27),
(376, 28, 28),
(377, 28, 29),
(378, 29, 1),
(379, 29, 2),
(380, 29, 3),
(381, 29, 4),
(382, 29, 5),
(383, 29, 6),
(384, 29, 7),
(385, 29, 8),
(386, 29, 9),
(387, 29, 10),
(388, 29, 11),
(389, 29, 12),
(390, 29, 13),
(391, 29, 14),
(392, 29, 15),
(393, 29, 16),
(394, 29, 17),
(395, 29, 18),
(396, 29, 19),
(397, 29, 20),
(398, 29, 21),
(399, 29, 22),
(400, 29, 23),
(401, 29, 24),
(402, 29, 25),
(403, 29, 26),
(404, 29, 27),
(405, 29, 28),
(406, 29, 29),
(407, 30, 1),
(408, 30, 2),
(409, 30, 3),
(410, 30, 4),
(411, 30, 5),
(412, 30, 6),
(413, 30, 7),
(414, 30, 8),
(415, 30, 9),
(416, 30, 10),
(417, 30, 11),
(418, 30, 12),
(419, 30, 13),
(420, 30, 14),
(421, 30, 15),
(422, 30, 16),
(423, 30, 17),
(424, 30, 18),
(425, 30, 19),
(426, 30, 20),
(427, 30, 21),
(428, 30, 22),
(429, 30, 23),
(430, 30, 24),
(431, 30, 25),
(432, 30, 26),
(433, 30, 27),
(434, 30, 28),
(435, 30, 29),
(436, 30, 30),
(437, 31, 1),
(438, 31, 2),
(439, 31, 3),
(440, 31, 4),
(441, 31, 5),
(442, 31, 6),
(443, 31, 7),
(444, 31, 8),
(445, 31, 9),
(446, 31, 10),
(447, 31, 11),
(448, 31, 12),
(449, 31, 13),
(450, 31, 14),
(451, 31, 15),
(452, 31, 16),
(453, 31, 17),
(454, 31, 18),
(455, 31, 19),
(456, 31, 20),
(457, 31, 21),
(458, 31, 22),
(459, 31, 23),
(460, 31, 24),
(461, 31, 25),
(462, 31, 26),
(463, 31, 27),
(464, 31, 28),
(465, 31, 29),
(466, 31, 30),
(467, 32, 1),
(468, 32, 2),
(469, 32, 3),
(470, 32, 4),
(471, 32, 5),
(472, 32, 6),
(473, 32, 7),
(474, 32, 8),
(475, 32, 9),
(476, 32, 10),
(477, 32, 11),
(478, 32, 12),
(479, 32, 13),
(480, 32, 14),
(481, 32, 15),
(482, 32, 16),
(483, 32, 17),
(484, 32, 18),
(485, 32, 19),
(486, 32, 20),
(487, 32, 21),
(488, 32, 22),
(489, 32, 23),
(490, 32, 24),
(491, 32, 25),
(492, 32, 26),
(493, 32, 27),
(494, 32, 28),
(495, 32, 29),
(496, 32, 30),
(497, 33, 1),
(498, 33, 2),
(499, 33, 3),
(500, 33, 4),
(501, 33, 5),
(502, 33, 6),
(503, 33, 7),
(504, 33, 8),
(505, 33, 9),
(506, 33, 10),
(507, 33, 11),
(508, 33, 12),
(509, 33, 13),
(510, 33, 14),
(511, 33, 15),
(512, 33, 16),
(513, 33, 17),
(514, 33, 18),
(515, 33, 19),
(516, 33, 20),
(517, 33, 21),
(518, 33, 22),
(519, 33, 23),
(520, 33, 24),
(521, 33, 25),
(522, 33, 26),
(523, 33, 27),
(524, 33, 28),
(525, 33, 29),
(526, 33, 30),
(527, 34, 1),
(528, 34, 2),
(529, 34, 3),
(530, 34, 4),
(531, 34, 5),
(532, 34, 6),
(533, 34, 7),
(534, 34, 8),
(535, 34, 9),
(536, 34, 10),
(537, 34, 11),
(538, 34, 12),
(539, 34, 13),
(540, 34, 14),
(541, 34, 15),
(542, 34, 16),
(543, 34, 17),
(544, 34, 18),
(545, 34, 19),
(546, 34, 20),
(547, 34, 21),
(548, 34, 22),
(549, 34, 23),
(550, 34, 24),
(551, 34, 25),
(552, 34, 26),
(553, 34, 27),
(554, 34, 28),
(555, 34, 29),
(556, 34, 30),
(557, 36, 1),
(558, 36, 2),
(559, 36, 3),
(560, 36, 4),
(561, 36, 5),
(562, 36, 6),
(563, 36, 7),
(564, 36, 8),
(565, 36, 9),
(566, 36, 10),
(567, 36, 11),
(568, 36, 12),
(569, 36, 13),
(570, 36, 14),
(571, 36, 15),
(572, 36, 16),
(573, 36, 17),
(574, 36, 18),
(575, 36, 19),
(576, 36, 20),
(577, 36, 21),
(578, 36, 22),
(579, 36, 23),
(580, 36, 24),
(581, 36, 25),
(582, 36, 26),
(583, 36, 27),
(584, 36, 28),
(585, 36, 29),
(586, 36, 30),
(587, 36, 31),
(588, 37, 1),
(589, 37, 2),
(590, 37, 3),
(591, 37, 4),
(592, 37, 5),
(593, 37, 6),
(594, 37, 7),
(595, 37, 8),
(596, 37, 9),
(597, 37, 10),
(598, 37, 11),
(599, 37, 12),
(600, 37, 13),
(601, 37, 14),
(602, 37, 15),
(603, 37, 16),
(604, 37, 17),
(605, 37, 18),
(606, 37, 19),
(607, 37, 20),
(608, 37, 21),
(609, 37, 22),
(610, 37, 23),
(611, 37, 24),
(612, 37, 25),
(613, 37, 26),
(614, 37, 27),
(615, 37, 28),
(616, 37, 29),
(617, 37, 30),
(618, 37, 31),
(619, 38, 1),
(620, 38, 2),
(621, 38, 3),
(622, 38, 4),
(623, 38, 5),
(624, 38, 6),
(625, 38, 7),
(626, 38, 8),
(627, 38, 9),
(628, 38, 10),
(629, 38, 11),
(630, 38, 12),
(631, 38, 13),
(632, 38, 14),
(633, 38, 15),
(634, 38, 16),
(635, 38, 17),
(636, 38, 18),
(637, 38, 19),
(638, 38, 20),
(639, 38, 21),
(640, 38, 22),
(641, 38, 23),
(642, 38, 24),
(643, 38, 25),
(644, 38, 26),
(645, 38, 27),
(646, 38, 28),
(647, 38, 29),
(648, 38, 30),
(649, 38, 31),
(650, 38, 32),
(651, 38, 33),
(652, 39, 1),
(653, 39, 2),
(654, 39, 3),
(655, 39, 4),
(656, 39, 5),
(657, 39, 6),
(658, 39, 7),
(659, 39, 8),
(660, 39, 9),
(661, 39, 10),
(662, 39, 11),
(663, 39, 12),
(664, 39, 13),
(665, 39, 14),
(666, 39, 15),
(667, 39, 16),
(668, 39, 17),
(669, 39, 18),
(670, 39, 19),
(671, 39, 20),
(672, 39, 21),
(673, 39, 22),
(674, 39, 23),
(675, 39, 24),
(676, 39, 25),
(677, 39, 26),
(678, 39, 27),
(679, 39, 28),
(680, 39, 29),
(681, 39, 30),
(682, 39, 31),
(683, 39, 32),
(684, 39, 33),
(685, 41, 1),
(686, 41, 2),
(687, 41, 3),
(688, 41, 4),
(689, 41, 5),
(690, 41, 6),
(691, 41, 7),
(692, 41, 8),
(693, 41, 9),
(694, 41, 10),
(695, 41, 11),
(696, 41, 12),
(697, 41, 13),
(698, 41, 14),
(699, 41, 15),
(700, 41, 16),
(701, 41, 17),
(702, 41, 18),
(703, 41, 19),
(704, 41, 20),
(705, 41, 21),
(706, 41, 22),
(707, 41, 23),
(708, 41, 24),
(709, 41, 25),
(710, 41, 26),
(711, 41, 27),
(712, 41, 28),
(713, 41, 29),
(714, 41, 30),
(715, 41, 31),
(716, 41, 32),
(717, 41, 33),
(718, 42, 1),
(719, 42, 2),
(720, 42, 3),
(721, 42, 4),
(722, 42, 5),
(723, 42, 6),
(724, 42, 7),
(725, 42, 8),
(726, 42, 9),
(727, 42, 10),
(728, 42, 11),
(729, 42, 12),
(730, 42, 13),
(731, 42, 14),
(732, 42, 15),
(733, 42, 16),
(734, 42, 17),
(735, 42, 18),
(736, 42, 19),
(737, 42, 20),
(738, 42, 21),
(739, 42, 22),
(740, 42, 23),
(741, 42, 24),
(742, 42, 25),
(743, 42, 26),
(744, 42, 27),
(745, 42, 28),
(746, 42, 29),
(747, 42, 30),
(748, 42, 31),
(749, 42, 32),
(750, 42, 33),
(751, 42, 34),
(752, 42, 35),
(753, 43, 1),
(754, 43, 2),
(755, 43, 3),
(756, 43, 4),
(757, 43, 5),
(758, 43, 6),
(759, 43, 7),
(760, 43, 8),
(761, 43, 9),
(762, 43, 10),
(763, 43, 11),
(764, 43, 12),
(765, 43, 13),
(766, 43, 14),
(767, 43, 15),
(768, 43, 16),
(769, 43, 17),
(770, 43, 18),
(771, 43, 19),
(772, 43, 20),
(773, 43, 21),
(774, 43, 22),
(775, 43, 23),
(776, 43, 24),
(777, 43, 25),
(778, 43, 26),
(779, 43, 27),
(780, 43, 28),
(781, 43, 29),
(782, 43, 30),
(783, 43, 31),
(784, 43, 32),
(785, 43, 33),
(786, 43, 34),
(787, 43, 35),
(788, 44, 1),
(789, 44, 2),
(790, 44, 3),
(791, 44, 4),
(792, 44, 5),
(793, 44, 6),
(794, 44, 7),
(795, 44, 8),
(796, 44, 9),
(797, 44, 10),
(798, 44, 11),
(799, 44, 12),
(800, 44, 13),
(801, 44, 14),
(802, 44, 15),
(803, 44, 16),
(804, 44, 17),
(805, 44, 18),
(806, 44, 19),
(807, 44, 20),
(808, 44, 21),
(809, 44, 22),
(810, 44, 23),
(811, 44, 24),
(812, 44, 25),
(813, 44, 26),
(814, 44, 27),
(815, 44, 28),
(816, 44, 29),
(817, 44, 30),
(818, 44, 31),
(819, 44, 32),
(820, 44, 33),
(821, 44, 34),
(822, 44, 35),
(823, 44, 36),
(824, 44, 37),
(825, 45, 1),
(826, 45, 2),
(827, 45, 3),
(828, 45, 4),
(829, 45, 5),
(830, 45, 6),
(831, 45, 7),
(832, 45, 8),
(833, 45, 9),
(834, 45, 10),
(835, 45, 11),
(836, 45, 12),
(837, 45, 13),
(838, 45, 14),
(839, 45, 15),
(840, 45, 16),
(841, 45, 17),
(842, 45, 18),
(843, 45, 19),
(844, 45, 20),
(845, 45, 21),
(846, 45, 22),
(847, 45, 23),
(848, 45, 24),
(849, 45, 25),
(850, 45, 26),
(851, 45, 27),
(852, 45, 28),
(853, 45, 29),
(854, 45, 30),
(855, 45, 31),
(856, 45, 32),
(857, 45, 33),
(858, 45, 34),
(859, 45, 35),
(860, 45, 36),
(861, 45, 37),
(862, 47, 1),
(863, 47, 2),
(864, 47, 3),
(865, 47, 4),
(866, 47, 5),
(867, 47, 6),
(868, 47, 7),
(869, 47, 8),
(870, 47, 9),
(871, 47, 10),
(872, 47, 11),
(873, 47, 12),
(874, 47, 13),
(875, 47, 14),
(876, 47, 15),
(877, 47, 16),
(878, 47, 17),
(879, 47, 18),
(880, 47, 19),
(881, 47, 20),
(882, 47, 21),
(883, 47, 22),
(884, 47, 23),
(885, 47, 24),
(886, 47, 25),
(887, 47, 26),
(888, 47, 27),
(889, 47, 28),
(890, 47, 29),
(891, 47, 30),
(892, 47, 31),
(893, 47, 32),
(894, 47, 33),
(895, 47, 34),
(896, 47, 35),
(897, 47, 36),
(898, 47, 37);


INSERT INTO `project_assign` (`paid`, `projectid`, `userid`) VALUES
(180, 1, 5),
(181, 1, 22),
(182, 1, 23),
(183, 1, 24),
(184, 1, 25),
(185, 1, 27),
(186, 2, 5),
(187, 2, 22),
(188, 2, 23),
(189, 2, 24),
(190, 2, 25),
(191, 2, 26),
(192, 2, 27),
(193, 3, 5),
(194, 3, 22),
(195, 3, 23),
(196, 3, 24),
(197, 3, 25),
(198, 3, 27),
(199, 4, 28),
(200, 5, 28),
(201, 6, 5),
(202, 6, 22),
(203, 6, 23),
(204, 6, 27),
(205, 7, 5),
(206, 7, 22),
(207, 7, 23),
(208, 7, 27),
(209, 8, 23),
(210, 9, 23),
(211, 9, 5),
(212, 9, 22),
(213, 9, 24),
(214, 9, 25),
(215, 9, 26),
(216, 9, 27),
(217, 9, 28),
(218, 10, 5),
(219, 10, 22),
(220, 10, 23),
(221, 10, 24),
(222, 10, 25),
(223, 10, 26),
(224, 10, 27),
(225, 10, 28),
(226, 11, 5),
(227, 11, 22),
(228, 11, 23),
(229, 11, 24),
(230, 11, 25),
(231, 11, 26),
(232, 11, 27),
(233, 11, 28),
(234, 12, 5),
(235, 12, 22),
(236, 12, 23),
(237, 12, 24),
(238, 12, 25),
(239, 12, 26),
(240, 12, 27),
(241, 12, 28),
(242, 13, 5),
(243, 13, 22),
(244, 13, 23),
(245, 13, 24),
(246, 13, 25),
(247, 13, 26),
(248, 13, 27),
(249, 13, 28),
(250, 14, 5),
(251, 14, 22),
(252, 14, 23),
(253, 14, 24),
(254, 14, 25),
(255, 14, 26),
(256, 14, 27),
(257, 14, 28),
(258, 15, 23),
(259, 15, 27),
(260, 16, 5),
(261, 16, 22),
(262, 16, 23),
(263, 16, 24),
(264, 16, 25),
(265, 16, 26),
(266, 16, 27),
(267, 16, 28),
(268, 17, 5),
(269, 17, 22),
(270, 17, 23),
(271, 17, 24),
(272, 17, 25),
(273, 17, 26),
(274, 17, 27),
(275, 17, 28),
(276, 18, 5),
(277, 18, 22),
(278, 18, 23),
(279, 18, 24),
(280, 18, 25),
(281, 18, 26),
(282, 18, 27),
(283, 18, 28),
(284, 1, 26),
(285, 1, 28),
(286, 19, 5),
(287, 19, 22),
(288, 19, 23),
(289, 19, 24),
(290, 19, 25),
(291, 19, 26),
(292, 19, 27),
(293, 19, 28),
(294, 19, 29),
(295, 20, 5),
(296, 20, 22),
(297, 20, 23),
(298, 20, 24),
(299, 20, 25),
(300, 20, 26),
(301, 20, 27),
(302, 20, 28),
(303, 20, 29),
(304, 21, 5),
(305, 21, 22),
(306, 21, 23),
(307, 21, 24),
(308, 21, 25),
(309, 21, 26),
(310, 21, 27),
(311, 21, 28),
(312, 21, 29),
(313, 22, 5),
(314, 22, 22),
(315, 22, 23),
(316, 22, 24),
(317, 22, 25),
(318, 22, 26),
(319, 22, 27),
(320, 22, 28),
(321, 22, 29),
(322, 23, 5),
(323, 23, 22),
(324, 23, 23),
(325, 23, 24),
(326, 23, 25),
(327, 23, 26),
(328, 23, 27),
(329, 23, 28),
(330, 23, 29),
(331, 24, 5),
(332, 24, 22),
(333, 24, 23),
(334, 24, 24),
(335, 24, 25),
(336, 24, 26),
(337, 24, 27),
(338, 24, 28),
(339, 24, 29),
(340, 25, 5),
(341, 25, 22),
(342, 25, 23),
(343, 25, 24),
(344, 25, 25),
(345, 25, 26),
(346, 25, 27),
(347, 25, 28),
(348, 25, 29),
(349, 26, 5),
(350, 26, 22),
(351, 26, 23),
(352, 26, 24),
(353, 26, 25),
(354, 26, 26),
(355, 26, 27),
(356, 26, 28),
(357, 26, 29),
(358, 27, 5),
(359, 27, 22),
(360, 27, 23),
(361, 27, 24),
(362, 27, 25),
(363, 27, 26),
(364, 27, 27),
(365, 27, 28),
(366, 27, 29),
(367, 28, 5),
(368, 28, 22),
(369, 28, 23),
(370, 28, 24),
(371, 28, 25),
(372, 28, 26),
(373, 28, 27),
(374, 28, 28),
(375, 28, 29),
(376, 28, 30),
(377, 28, 31),
(378, 28, 32),
(379, 28, 33),
(380, 28, 34),
(381, 28, 35),
(382, 28, 36),
(383, 28, 37),
(384, 28, 38),
(385, 29, 5),
(386, 29, 22),
(387, 29, 23),
(388, 29, 24),
(389, 29, 25),
(390, 29, 26),
(391, 29, 27),
(392, 29, 28),
(393, 29, 29),
(394, 29, 30),
(395, 29, 31),
(396, 29, 32),
(397, 29, 33),
(398, 29, 34),
(399, 29, 35),
(400, 29, 36),
(401, 29, 37),
(402, 29, 38),
(403, 30, 5),
(404, 30, 22),
(405, 30, 23),
(406, 30, 24),
(407, 30, 25),
(408, 30, 26),
(409, 30, 27),
(410, 30, 28),
(411, 30, 29),
(412, 30, 30),
(413, 30, 31),
(414, 30, 32),
(415, 30, 33),
(416, 30, 34),
(417, 30, 35),
(418, 30, 36),
(419, 30, 37),
(420, 30, 38),
(421, 31, 5),
(422, 31, 22),
(423, 31, 23),
(424, 31, 24),
(425, 31, 25),
(426, 31, 26),
(427, 31, 27),
(428, 31, 28),
(429, 31, 29),
(430, 31, 30),
(431, 31, 31),
(432, 31, 32),
(433, 31, 33),
(434, 31, 34),
(435, 31, 35),
(436, 31, 36),
(437, 31, 37),
(438, 31, 38),
(439, 32, 5),
(440, 32, 22),
(441, 32, 23),
(442, 32, 24),
(443, 32, 25),
(444, 32, 26),
(445, 32, 27),
(446, 32, 28),
(447, 32, 29),
(448, 32, 30),
(449, 32, 31),
(450, 32, 32),
(451, 32, 33),
(452, 32, 34),
(453, 32, 35),
(454, 32, 36),
(455, 32, 37),
(456, 32, 38),
(457, 33, 5),
(458, 33, 22),
(459, 33, 23),
(460, 33, 24),
(461, 33, 25),
(462, 33, 26),
(463, 33, 27),
(464, 33, 28),
(465, 33, 29),
(466, 33, 30),
(467, 33, 31),
(468, 33, 32),
(469, 33, 33),
(470, 33, 34),
(471, 33, 35),
(472, 33, 36),
(473, 33, 37),
(474, 33, 38),
(475, 34, 5),
(476, 34, 22),
(477, 34, 23),
(478, 34, 24),
(479, 34, 25),
(480, 34, 26),
(481, 34, 27),
(482, 34, 28),
(483, 34, 29),
(484, 34, 30),
(485, 34, 31),
(486, 34, 32),
(487, 34, 33),
(488, 34, 34),
(489, 34, 35),
(490, 34, 36),
(491, 34, 37),
(492, 34, 38),
(493, 35, 5),
(494, 35, 22),
(495, 35, 23),
(496, 35, 24),
(497, 35, 25),
(498, 35, 26),
(499, 35, 27),
(500, 35, 28),
(501, 35, 29),
(502, 35, 30),
(503, 35, 31),
(504, 35, 32),
(505, 35, 33),
(506, 35, 34),
(507, 35, 35),
(508, 35, 36),
(509, 35, 37),
(510, 35, 38),
(511, 36, 5),
(512, 36, 22),
(513, 36, 23),
(514, 36, 24),
(515, 36, 25),
(516, 36, 26),
(517, 36, 27),
(518, 36, 28),
(519, 36, 29),
(520, 36, 30),
(521, 36, 31),
(522, 36, 32),
(523, 36, 33),
(524, 36, 34),
(525, 36, 35),
(526, 36, 36),
(527, 36, 37),
(528, 36, 38),
(529, 37, 5),
(530, 37, 22),
(531, 37, 23),
(532, 37, 24),
(533, 37, 25),
(534, 37, 26),
(535, 37, 27),
(536, 37, 28),
(537, 37, 29),
(538, 37, 30),
(539, 37, 31),
(540, 37, 32),
(541, 37, 33),
(542, 37, 34),
(543, 37, 35),
(544, 37, 36),
(545, 37, 37),
(546, 37, 38),
(547, 38, 5),
(548, 38, 22),
(549, 38, 23),
(550, 38, 24),
(551, 38, 25),
(552, 38, 26),
(553, 38, 27),
(554, 38, 28),
(555, 38, 29),
(556, 38, 30),
(557, 38, 31),
(558, 38, 32),
(559, 38, 33),
(560, 38, 34),
(561, 38, 35),
(562, 38, 36),
(563, 38, 37),
(564, 38, 38),
(565, 39, 5),
(566, 39, 22),
(567, 39, 23),
(568, 39, 24),
(569, 39, 25),
(570, 39, 26),
(571, 39, 27),
(572, 39, 28),
(573, 39, 29),
(574, 39, 30),
(575, 39, 31),
(576, 39, 32),
(577, 39, 33),
(578, 39, 34),
(579, 39, 35),
(580, 39, 36),
(581, 39, 37),
(582, 39, 38),
(583, 40, 5),
(584, 40, 22),
(585, 40, 23),
(586, 40, 24),
(587, 40, 25),
(588, 40, 26),
(589, 40, 27),
(590, 40, 28),
(591, 40, 29),
(592, 40, 30),
(593, 40, 31),
(594, 40, 32),
(595, 40, 33),
(596, 40, 34),
(597, 40, 35),
(598, 40, 36),
(599, 40, 37),
(600, 40, 38),
(601, 41, 5),
(602, 41, 22),
(603, 41, 23),
(604, 41, 24),
(605, 41, 25),
(606, 41, 26),
(607, 41, 27),
(608, 41, 28),
(609, 41, 29),
(610, 41, 30),
(611, 41, 31),
(612, 41, 32),
(613, 41, 33),
(614, 41, 34),
(615, 41, 35),
(616, 41, 36),
(617, 41, 37),
(618, 41, 38),
(619, 42, 5),
(620, 42, 22),
(621, 42, 23),
(622, 42, 24),
(623, 42, 25),
(624, 42, 26),
(625, 42, 27),
(626, 42, 28),
(627, 42, 29),
(628, 42, 30),
(629, 42, 31),
(630, 42, 32),
(631, 42, 33),
(632, 42, 34),
(633, 42, 35),
(634, 42, 36),
(635, 42, 37),
(636, 42, 38),
(637, 43, 5),
(638, 43, 22),
(639, 43, 23),
(640, 43, 24),
(641, 43, 25),
(642, 43, 26),
(643, 43, 27),
(644, 43, 28),
(645, 43, 29),
(646, 43, 30),
(647, 43, 31),
(648, 43, 32),
(649, 43, 33),
(650, 43, 34),
(651, 43, 35),
(652, 43, 36),
(653, 43, 37),
(654, 43, 38),
(655, 44, 5),
(656, 44, 22),
(657, 44, 23),
(658, 44, 24),
(659, 44, 25),
(660, 44, 26),
(661, 44, 27),
(662, 44, 28),
(663, 44, 29),
(664, 44, 30),
(665, 44, 31),
(666, 44, 32),
(667, 44, 33),
(668, 44, 34),
(669, 44, 35),
(670, 44, 36),
(671, 44, 37),
(672, 44, 38),
(673, 45, 5),
(674, 45, 22),
(675, 45, 23),
(676, 45, 24),
(677, 45, 25),
(678, 45, 26),
(679, 45, 27),
(680, 45, 28),
(681, 45, 29),
(682, 45, 30),
(683, 45, 31),
(684, 45, 32),
(685, 45, 33),
(686, 45, 34),
(687, 45, 35),
(688, 45, 36),
(689, 45, 37),
(690, 45, 38),
(691, 46, 23),
(692, 46, 26),
(693, 46, 27),
(694, 47, 5),
(695, 47, 22),
(696, 47, 23),
(697, 47, 24),
(698, 47, 25),
(699, 47, 26),
(700, 47, 27),
(701, 47, 28),
(702, 47, 29),
(703, 47, 30),
(704, 47, 31),
(705, 47, 32),
(706, 47, 33),
(707, 47, 34),
(708, 47, 35),
(709, 47, 36),
(710, 47, 37),
(711, 47, 38);


INSERT INTO `jp_subcontractor_exptype` (`exptype_id`, `subcontractor_id`, `type_id`) VALUES
(3, 1, 4),
(4, 1, 5),
(6, 1, 7),
(9, 1, 10),
(10, 1, 11),
(17, 2, 3),
(31, 4, 3),
(32, 5, 2),
(33, 5, 3),
(34, 5, 4),
(35, 5, 5),
(36, 5, 6),
(37, 5, 7),
(38, 5, 8),
(39, 5, 9),
(40, 5, 10),
(41, 5, 11),
(42, 5, 12),
(43, 5, 13),
(44, 5, 14),
(45, 5, 15),
(46, 5, 16),
(47, 5, 17),
(48, 5, 18);